"region","total_sales","total_profit"
"West","710219.6845","142146.771125"
"East","669518.726","136736.50215"
"Central","492646.9132","98950.469930"
"South","389151.4590","79413.478200"
